bearing,delay,event_timestamp,lastLocID,lastStopSeq,nextLocID,nextStopSeq,tripID,vehicle_id,vehicle_location_latitude,vehicle_location_longitude
90,-36,2017-01-31 07:00:08,8351,39,8352,40,7127546,229,45.522065000000005,-122.484751
201,-16,2017-01-31 07:00:17,7608,21,7618,22,7129572,203,45.511537,-122.681494
270,-28,2017-01-31 07:00:33,8366,9,8367,10,7127666,106,45.522295,-122.507952
17,-43,2017-01-31 07:00:44,13133,2,13134,3,7129573,322,45.467694,-122.566654
306,-162,2017-01-31 07:00:44,11508,8,11509,9,7128218,122,45.539746,-122.675803
294,-194,2017-01-31 07:00:48,9829,38,9832,39,7127910,315,45.517503000000005,-122.87084899999999
112,-65,2017-01-31 07:01:08,8335,23,8336,24,7127547,221,45.51728,-122.674901
90,-156,2017-01-31 07:01:09,8349,10,8350,11,7127285,110,45.522273999999996,-122.50976000000001
96,18,2017-01-31 07:01:12,8352,40,8353,41,7127546,229,45.52195,-122.476146
124,-87,2017-01-31 07:01:24,9831,9,9830,10,7127287,417,45.511821000000005,-122.85528000000001
2,0,2017-01-31 07:01:32,13137,6,13138,7,7129574,231,45.503365,-122.566599
1,-64,2017-01-31 07:01:36,13723,4,13724,5,7130119,532,45.491092,-122.64843
120,-99,2017-01-31 07:01:40,8353,15,8354,16,7127284,314,45.520212,-122.47006100000002
217,-509,2017-01-31 07:02:01,9624,20,9818,21,7127663,109,45.491385,-122.80163700000001
178,-64,2017-01-31 07:02:06,7601,1,9303,2,7130328,205,45.523882,-122.675436
256,-128,2017-01-31 07:02:08,10117,18,10121,19,7127664,249,45.511089,-122.713078
39,-124,2017-01-31 07:02:17,11616,22,10572,23,7126593,240,45.559551,-122.564945
223,6,2017-01-31 07:02:24,7618,22,7606,23,7129572,203,45.508798,-122.683107
108,-472,2017-01-31 07:02:24,8343,12,8344,13,7129359,321,45.532731,-122.620605
7,-4,2017-01-31 07:02:35,13134,3,13135,4,7129573,322,45.480193,-122.566804
126,-95,2017-01-31 07:02:50,9830,10,9828,11,7127287,404,45.507540999999996,-122.846725
294,-201,2017-01-31 07:02:53,9832,39,9833,40,7127910,230,45.523497,-122.889599
270,-22,2017-01-31 07:02:56,8367,10,8368,11,7127666,106,45.522496999999994,-122.53386
0,-26,2017-01-31 07:02:58,13138,7,13139,8,7129574,231,45.513996999999996,-122.56438700000001
90,-164,2017-01-31 07:03:15,8350,11,8351,12,7127285,219,45.522153,-122.49557800000001
0,-166,2017-01-31 07:03:18,11509,9,11510,10,7128218,303,45.548497,-122.68098300000001
121,-121,2017-01-31 07:03:27,8354,16,8355,17,7127284,314,45.517019,-122.462501
0,-100,2017-01-31 07:03:43,13724,5,13725,6,7130119,523,45.498256,-122.648099
3,-270,2017-01-31 07:03:53,11615,5,8370,6,7126654,242,45.530072,-122.56338500000001
201,-55,2017-01-31 07:03:57,9303,2,7627,3,7130328,205,45.521562,-122.676049
250,-520,2017-01-31 07:04:12,9818,21,9823,22,7127663,227,45.490384000000006,-122.80751000000001
299,-139,2017-01-31 07:04:21,10572,23,10574,24,7126593,312,45.572475,-122.558549
4,9,2017-01-31 07:04:22,13135,4,13136,5,7129573,124,45.490947,-122.566229
357,-67,2017-01-31 07:04:38,8338,26,8339,27,7127547,313,45.524104,-122.671347
126,-79,2017-01-31 07:04:49,9828,11,9822,12,7127287,404,45.501463,-122.835169
90,-139,2017-01-31 07:04:50,8351,12,8352,13,7127285,219,45.522069,-122.485173
20,68,2017-01-31 07:04:52,13140,1,10293,2,7129360,120,45.509806,-122.683627
121,-111,2017-01-31 07:04:53,8353,41,8354,42,7127546,114,45.520474,-122.470679
52,-502,2017-01-31 07:04:54,8344,13,8345,14,7129359,104,45.528795,-122.602624
269,-231,2017-01-31 07:05:22,9833,40,9836,41,7127910,315,45.530321,-122.916597
357,-173,2017-01-31 07:05:25,11510,10,11511,11,7128218,303,45.555316,-122.68226100000001
308,-87,2017-01-31 07:05:28,13725,6,13726,7,7130119,532,45.50298,-122.653507
354,39,2017-01-31 07:05:36,13136,5,13137,6,7129573,124,45.495403,-122.566078
270,-12,2017-01-31 07:05:40,8368,11,8369,12,7127666,306,45.522646,-122.55537199999999
295,-291,2017-01-31 07:05:58,8370,1,8371,2,7127665,242,45.532475,-122.575492
201,-62,2017-01-31 07:06:04,7627,3,7646,4,7130328,205,45.518159999999995,-122.677889
349,-102,2017-01-31 07:06:13,10574,24,10576,25,7126593,312,45.577335999999995,-122.56718300000001
96,-108,2017-01-31 07:06:21,8352,13,8353,14,7127285,219,45.521952,-122.47617199999999
299,-537,2017-01-31 07:06:29,9823,22,9825,23,7127663,227,45.49543,-122.821891
20,27,2017-01-31 07:06:37,10293,2,7774,3,7129360,120,45.511879,-122.682511
345,-54,2017-01-31 07:06:55,13139,8,8370,9,7129574,231,45.530947999999995,-122.56364599999999
291,-273,2017-01-31 07:07:03,8384,27,9757,28,7127911,223,45.521595,-122.688099
2,85,2017-01-31 07:07:06,13137,6,13138,7,7129573,322,45.503236,-122.566608
200,-39,2017-01-31 07:07:07,7646,4,7608,5,7130328,319,45.51579,-122.679174
115,-497,2017-01-31 07:07:19,8345,14,8346,15,7129359,104,45.533206,-122.577828
0,-169,2017-01-31 07:07:21,11511,11,11512,12,7128218,122,45.563241,-122.682203
271,-58,2017-01-31 07:07:30,13726,7,13727,8,7130119,532,45.506640000000004,-122.66300700000001
257,-248,2017-01-31 07:07:31,9836,41,9840,42,7127910,230,45.530126,-122.93012
121,-102,2017-01-31 07:07:45,8353,14,8354,15,7127285,219,45.520465,-122.47065800000001
233,-290,2017-01-31 07:07:46,8371,2,8372,3,7127665,209,45.532039000000005,-122.596571
206,-224,2017-01-31 07:08:15,9757,28,9820,29,7127911,223,45.520691,-122.691005
121,-198,2017-01-31 07:08:20,8354,42,8355,43,7127546,229,45.515474,-122.458859
90,-74,2017-01-31 07:08:34,8339,27,8340,28,7127547,313,45.530087,-122.66551499999998
295,-40,2017-01-31 07:08:42,8370,9,8371,10,7129574,231,45.533302,-122.577848
19,-13,2017-01-31 07:08:44,7774,3,13123,4,7129360,120,45.516135999999996,-122.680237
121,-84,2017-01-31 07:08:48,8354,15,8355,16,7127285,219,45.517103000000006,-122.4627
0,-185,2017-01-31 07:09:06,11512,12,11513,13,7128218,122,45.570601,-122.682123
90,-74,2017-01-31 07:09:11,8340,28,8341,29,7127547,313,45.530079,-122.66361299999998
0,17,2017-01-31 07:09:13,13138,7,13139,8,7129573,322,45.514001,-122.56438700000001
253,-165,2017-01-31 07:09:16,9840,42,9837,43,7127910,230,45.526915,-122.94663500000001
311,-71,2017-01-31 07:09:19,10576,25,10579,26,7126593,240,45.585806,-122.591398
296,-230,2017-01-31 07:09:43,8372,3,8373,4,7127665,209,45.531965,-122.61723899999998
299,-230,2017-01-31 07:09:52,10121,19,9624,20,7127664,249,45.510384,-122.781326
246,-56,2017-01-31 07:09:58,13727,8,13728,9,7130119,532,45.502746,-122.67153300000001
266,-211,2017-01-31 07:10:05,9820,29,10117,30,7127911,223,45.517959000000005,-122.693079
345,-51,2017-01-31 07:10:15,8369,12,8370,13,7127666,306,45.530421000000004,-122.563448
119,-282,2017-01-31 07:10:21,9822,12,9826,13,7127287,417,45.495992,-122.82341100000001
90,-51,2017-01-31 07:10:27,8341,29,8342,30,7127547,313,45.53007,-122.658897
202,-91,2017-01-31 07:10:33,7608,5,7618,6,7130328,319,45.511463,-122.68153600000001
120,-197,2017-01-31 07:10:49,8355,43,13450,44,7127546,229,45.507843,-122.440932
20,0,2017-01-31 07:10:51,13123,4,7777,5,7129360,120,45.519119,-122.678629
0,-144,2017-01-31 07:10:56,11513,13,11514,14,7128218,303,45.577851,-122.682065
233,-58,2017-01-31 07:11:00,8371,10,8372,11,7129574,241,45.528765,-122.602843
174,-542,2017-01-31 07:11:04,8346,15,8347,16,7129359,104,45.530014,-122.56349499999999
306,-702,2017-01-31 07:11:14,9825,23,9819,24,7127663,109,45.500609000000004,-122.833321
120,-294,2017-01-31 07:11:40,9826,13,9824,14,7127287,417,45.492985,-122.81588899999998
121,-170,2017-01-31 07:11:51,13450,44,8356,45,7127546,229,45.505736999999996,-122.435891
203,-31,2017-01-31 07:12:02,7618,6,7606,7,7130328,205,45.508882,-122.68304199999999
276,-154,2017-01-31 07:12:06,9837,43,9842,44,7127910,230,45.521253,-122.970223
20,13,2017-01-31 07:12:17,7777,5,7787,6,7129360,203,45.522688,-122.676645
89,-73,2017-01-31 07:12:21,8342,30,8343,31,7127547,221,45.53005,-122.65468700000001
11,7,2017-01-31 07:12:24,13139,8,12931,9,7129573,124,45.529374,-122.563502
295,-93,2017-01-31 07:12:40,8370,13,8371,14,7127666,306,45.532475,-122.575492
306,-731,2017-01-31 07:12:43,9819,24,9827,25,7127663,227,45.505414,-122.842409
306,-152,2017-01-31 07:13:03,11514,14,11515,15,7128218,122,45.584072,-122.68636799999999
268,-192,2017-01-31 07:13:09,8373,4,8374,5,7127665,209,45.530028,-122.64910800000001
105,-140,2017-01-31 07:13:22,8356,45,8357,46,7127546,114,45.502503000000004,-122.42660900000001
92,-25,2017-01-31 07:13:27,7606,7,13710,8,7130328,205,45.507887,-122.68027099999999
288,-30,2017-01-31 07:13:32,8372,11,8373,12,7129574,241,45.532857,-122.62081299999998
256,-214,2017-01-31 07:13:34,10117,30,10121,31,7127911,223,45.511089,-122.713078
272,-67,2017-01-31 07:13:39,13728,9,13729,10,7130119,523,45.507971000000005,-122.680862
358,18,2017-01-31 07:13:42,7787,6,9299,7,7129360,203,45.524729,-122.67650800000001
270,-140,2017-01-31 07:13:52,9842,44,9844,45,7127910,315,45.52133,-122.978249
180,-562,2017-01-31 07:13:53,8347,16,13124,17,7129359,321,45.513731,-122.56450500000001
92,-109,2017-01-31 07:14:25,8357,46,8359,47,7127546,114,45.502034,-122.420162
85,-284,2017-01-31 07:14:25,9824,14,9821,15,7127287,417,45.490843,-122.802774
272,-171,2017-01-31 07:14:28,8374,5,8375,6,7127665,209,45.530101,-122.657182
305,-722,2017-01-31 07:14:34,9827,25,9829,26,7127663,109,45.510138,-122.851772
233,-98,2017-01-31 07:14:35,8371,14,8372,15,7127666,106,45.532039000000005,-122.596571
107,-46,2017-01-31 07:14:40,8343,31,8344,32,7127547,221,45.53436,-122.627723
352,-26,2017-01-31 07:14:42,13729,10,10293,11,7130119,532,45.508659,-122.683881
190,-101,2017-01-31 07:14:42,11498,1,11499,2,7128426,413,45.59594,-122.68571499999999
217,-254,2017-01-31 07:15:16,9624,20,9818,21,7127664,249,45.491361,-122.80166200000001
182,-554,2017-01-31 07:15:16,13124,17,13125,18,7129359,321,45.503071000000006,-122.566713
270,-110,2017-01-31 07:15:22,9844,45,9845,46,7127910,315,45.5214,-122.984948
10,-181,2017-01-31 07:15:33,11515,15,11516,16,7128218,122,45.596391,-122.68553500000002
357,26,2017-01-31 07:15:34,9299,7,7763,8,7129360,120,45.527308000000005,-122.676573
271,-74,2017-01-31 07:16:04,9845,46,9848,47,7127910,230,45.521419,-122.98978000000001
295,-701,2017-01-31 07:16:32,9829,26,9832,27,7127663,227,45.516942,-122.86911299999998
270,-191,2017-01-31 07:16:37,8375,6,8376,7,7127665,242,45.530107,-122.66230300000001
296,-57,2017-01-31 07:16:50,8372,15,8373,16,7127666,306,45.531965,-122.61723899999998
269,3,2017-01-31 07:16:58,8373,12,8374,13,7129574,231,45.530117,-122.653671
308,-171,2017-01-31 07:16:58,11516,16,11498,17,7128218,303,45.603468,-122.68568400000001
173,-542,2017-01-31 07:17:04,13125,18,13126,19,7129359,104,45.495470000000005,-122.56619599999999
270,-202,2017-01-31 07:17:05,8376,7,8377,8,7127665,242,45.53011,-122.663045
256,-251,2017-01-31 07:17:12,9818,21,9823,22,7127664,235,45.490241,-122.808107
91,-50,2017-01-31 07:17:26,9848,1,9846,2,7127290,320,45.521351,-122.986448
194,0,2017-01-31 07:17:42,8370,10,8347,1,7127286,124,45.529586,-122.563543
82,-99,2017-01-31 07:17:44,8344,32,8345,33,7127547,313,45.527596,-122.60682299999999
66,-105,2017-01-31 07:17:47,13710,8,13711,9,7130328,319,45.502728999999995,-122.670965
120,-157,2017-01-31 07:18:08,11499,2,11500,3,7128426,413,45.583768,-122.685753
182,-520,2017-01-31 07:18:13,13126,19,13127,20,7129359,321,45.490693,-122.56637099999999
272,9,2017-01-31 07:18:22,8374,13,8375,14,7129574,241,45.530111,-122.657575
271,44,2017-01-31 07:18:26,8359,1,8360,2,7127668,202,45.502132,-122.42126
20,-153,2017-01-31 07:18:35,10293,1,7774,2,7128219,532,45.511561,-122.682689
296,-191,2017-01-31 07:18:36,10121,31,9624,32,7127911,223,45.50783,-122.774831
53,-93,2017-01-31 07:18:58,8345,33,8346,34,7127547,313,45.534109,-122.59246100000001
90,-30,2017-01-31 07:19:10,9846,2,9843,3,7127290,247,45.521278,-122.97922700000001
299,-258,2017-01-31 07:19:20,9823,22,9825,23,7127664,235,45.495396,-122.82180600000001
185,-501,2017-01-31 07:19:53,13127,20,13128,21,7129359,321,45.480126,-122.56690900000001
179,-143,2017-01-31 07:19:58,8377,8,8378,9,7127665,209,45.525659000000005,-122.67146399999999
301,-304,2017-01-31 07:19:58,9821,15,9969,16,7127287,417,45.509065,-122.781177
90,21,2017-01-31 07:20:09,8347,1,8348,2,7127286,124,45.522619,-122.557325
270,-27,2017-01-31 07:20:29,8375,14,8376,15,7129574,241,45.530111,-122.663174
268,-36,2017-01-31 07:20:32,8373,16,8374,17,7127666,106,45.530028,-122.64910800000001
91,-126,2017-01-31 07:20:37,13711,9,13712,10,7130328,319,45.506459,-122.662493
306,-234,2017-01-31 07:20:56,9825,23,9819,24,7127664,235,45.500645,-122.83339099999999
19,-212,2017-01-31 07:21:03,7774,2,13123,3,7128219,532,45.51578,-122.68041799999999
300,53,2017-01-31 07:21:04,8360,2,8361,3,7127668,202,45.505794,-122.435919
90,-47,2017-01-31 07:21:07,9843,3,9841,4,7127290,247,45.52126,-122.972174
180,-186,2017-01-31 07:21:07,11500,3,11501,4,7128426,413,45.576434000000006,-122.682134
90,7,2017-01-31 07:21:23,7763,8,8340,9,7129360,203,45.530086,-122.66496200000002
174,-185,2017-01-31 07:21:39,8378,9,8379,10,7127665,209,45.523693,-122.67139099999999
272,-22,2017-01-31 07:21:59,8374,17,8375,18,7127666,106,45.530101,-122.657182
270,-51,2017-01-31 07:21:59,8376,15,8377,16,7129574,241,45.530198999999996,-122.664842
196,-507,2017-01-31 07:21:59,13128,21,13129,22,7129359,104,45.467533,-122.566824
86,-51,2017-01-31 07:22:11,9841,4,9838,5,7127290,247,45.521044,-122.965352
306,-259,2017-01-31 07:22:21,9819,24,9827,25,7127664,235,45.505373,-122.84233
128,-142,2017-01-31 07:22:23,13712,10,13713,11,7130328,205,45.502637,-122.65308
201,-174,2017-01-31 07:22:24,8379,10,8380,11,7127665,209,45.521436,-122.671618
89,113,2017-01-31 07:22:35,8348,2,8349,3,7127286,322,45.522481,-122.53719099999999
180,-155,2017-01-31 07:22:37,11501,4,11502,5,7128426,413,45.569196000000005,-122.682194
90,-16,2017-01-31 07:22:47,8340,9,8341,10,7129360,120,45.530075,-122.66198500000002
21,-218,2017-01-31 07:23:10,13123,3,7777,4,7128219,532,45.518988,-122.6787
301,93,2017-01-31 07:23:17,13449,4,8362,5,7127668,202,45.514247999999995,-122.455859
268,-188,2017-01-31 07:23:23,9624,32,9818,33,7127911,107,45.492264,-122.79572900000001
165,-169,2017-01-31 07:24:04,8346,34,8347,35,7127547,221,45.531259000000006,-122.56393600000001
178,-162,2017-01-31 07:24:14,13713,11,13714,12,7130328,319,45.497113,-122.64821599999999
180,-135,2017-01-31 07:24:17,11502,5,11503,6,7128426,413,45.562045,-122.682272
305,-256,2017-01-31 07:24:18,9827,25,9829,26,7127664,249,45.510090999999996,-122.851679
91,-32,2017-01-31 07:24:33,8341,10,8342,11,7129360,120,45.53007,-122.657223
168,-487,2017-01-31 07:24:38,13129,22,13130,23,7129359,321,45.453127,-122.57360200000001
270,-73,2017-01-31 07:24:39,8375,18,8376,19,7127666,106,45.530107,-122.66230300000001
270,-67,2017-01-31 07:24:48,8376,19,8377,20,7127666,106,45.53011,-122.663045
87,-305,2017-01-31 07:25:04,9969,16,10120,17,7127287,417,45.510432,-122.72342900000001
74,-38,2017-01-31 07:25:11,9838,5,9839,6,7127290,320,45.529309000000005,-122.93411299999998
21,-226,2017-01-31 07:25:18,7777,4,7787,5,7128219,532,45.522098,-122.67701299999999
90,39,2017-01-31 07:25:22,8349,3,8350,4,7127286,322,45.522271999999994,-122.50958200000001
169,-81,2017-01-31 07:25:23,10579,1,10577,2,7126655,222,45.576893,-122.567118
180,-156,2017-01-31 07:25:38,13714,12,13715,13,7130328,205,45.490682,-122.648569
174,-102,2017-01-31 07:25:43,11503,6,11504,7,7128426,413,45.554973,-122.68233500000001
90,-167,2017-01-31 07:25:48,8347,35,8348,36,7127547,221,45.522649,-122.561718
294,-210,2017-01-31 07:26:03,9829,26,9832,27,7127664,235,45.517096,-122.86958999999999
250,-199,2017-01-31 07:26:07,9818,33,9823,34,7127911,107,45.490556,-122.80681299999999
166,-485,2017-01-31 07:26:24,13130,23,13132,24,7129359,321,45.437339,-122.568303
302,17,2017-01-31 07:26:35,8362,5,8363,6,7127668,215,45.519354,-122.467849
89,-69,2017-01-31 07:26:40,8342,11,8343,12,7129360,203,45.530054,-122.652872
358,-231,2017-01-31 07:26:53,7787,5,9299,6,7128219,532,45.524347999999996,-122.676492
90,53,2017-01-31 07:27:08,8350,4,8351,5,7127286,124,45.522152,-122.495446
119,-67,2017-01-31 07:27:09,10577,2,10575,3,7126655,222,45.572165999999996,-122.55786599999999
19,-16,2017-01-31 07:27:17,13720,1,13721,2,7130120,301,45.44144,-122.639778
300,-201,2017-01-31 07:27:23,9823,34,9825,35,7127911,223,45.49255,-122.81471200000001
180,-87,2017-01-31 07:27:28,11504,7,11505,8,7128426,414,45.549026,-122.681031
178,-132,2017-01-31 07:27:28,8377,16,7601,17,7129574,231,45.527297,-122.67556
89,-113,2017-01-31 07:28:07,9839,6,9835,7,7127290,320,45.53024,-122.92131499999999
275,32,2017-01-31 07:28:07,8363,6,8364,7,7127668,202,45.522009000000004,-122.47628300000001
358,-196,2017-01-31 07:28:18,9299,6,7763,7,7128219,523,45.527232,-122.67657
179,-49,2017-01-31 07:28:23,8377,20,8378,21,7127666,106,45.525659000000005,-122.67146399999999
90,-154,2017-01-31 07:28:42,8348,36,8349,37,7127547,221,45.522514,-122.54196499999999
170,-162,2017-01-31 07:28:43,13715,13,13716,14,7130328,205,45.474621,-122.640019
90,75,2017-01-31 07:28:46,8351,5,8352,6,7127286,322,45.52207,-122.485222
178,-141,2017-01-31 07:29:02,7601,17,9303,18,7129574,231,45.524522,-122.675452
94,-121,2017-01-31 07:29:14,9835,7,9834,8,7127290,320,45.530211,-122.912803
102,-302,2017-01-31 07:29:23,10120,17,10118,18,7127287,404,45.519037,-122.69745900000001
270,69,2017-01-31 07:29:32,8364,7,8365,8,7127668,202,45.522110999999995,-122.48563
126,-95,2017-01-31 07:29:36,11505,8,11506,9,7128426,413,45.539445,-122.67536299999999
96,132,2017-01-31 07:29:49,8352,6,8353,7,7127286,124,45.52195,-122.476146
215,-89,2017-01-31 07:30:01,10575,3,10573,4,7126655,325,45.558661,-122.566065
307,-221,2017-01-31 07:30:14,9825,35,9819,36,7127911,223,45.499196000000005,-122.83067700000001
174,-105,2017-01-31 07:30:19,8378,21,8379,22,7127666,306,45.523693,-122.67139099999999
201,-85,2017-01-31 07:30:27,9303,18,7627,19,7129574,231,45.521962,-122.67582900000001
108,-144,2017-01-31 07:30:55,8343,12,8344,13,7129360,120,45.532738,-122.62063899999998
315,-23,2017-01-31 07:30:55,13721,2,13722,3,7130120,301,45.462996000000004,-122.637809
291,-205,2017-01-31 07:30:55,8384,15,9757,16,7127665,242,45.521595,-122.688099
270,97,2017-01-31 07:31:00,8365,8,8366,9,7127668,202,45.522189000000004,-122.495378
306,-217,2017-01-31 07:31:01,9819,36,9827,37,7127911,107,45.502307,-122.836712
90,-151,2017-01-31 07:31:09,8349,37,8350,38,7127547,313,45.522313,-122.51465400000001
121,137,2017-01-31 07:31:13,8353,7,8354,8,7127286,322,45.520407,-122.470524
39,-307,2017-01-31 07:31:17,10118,18,9759,19,7127287,404,45.519859999999994,-122.691594
177,-25,2017-01-31 07:31:21,10573,4,11615,5,7126655,222,45.547152000000004,-122.560325
201,-117,2017-01-31 07:31:27,8379,22,8380,23,7127666,106,45.521436,-122.671618
135,-158,2017-01-31 07:31:39,13716,14,13717,15,7130328,205,45.462639,-122.63746599999999
121,-103,2017-01-31 07:31:44,11506,9,11507,10,7128426,413,45.530083000000005,-122.66765900000001
206,-141,2017-01-31 07:31:52,9757,16,9820,17,7127665,209,45.520691,-122.691005
121,161,2017-01-31 07:32:17,8354,8,8355,9,7127286,124,45.516915000000004,-122.462259
200,-77,2017-01-31 07:32:19,7627,19,7646,20,7129574,241,45.518608,-122.677649
306,-213,2017-01-31 07:32:57,9827,37,9829,38,7127911,107,45.508686,-122.84885200000001
114,-110,2017-01-31 07:32:58,9834,8,9831,9,7127290,320,45.518943,-122.87544399999999
90,-144,2017-01-31 07:33:01,8350,38,8351,39,7127547,313,45.522175,-122.498328
270,80,2017-01-31 07:33:10,8366,9,8367,10,7127668,202,45.522295,-122.507952
301,-164,2017-01-31 07:33:16,7763,7,11508,8,7128219,532,45.530411,-122.668305
350,-17,2017-01-31 07:33:18,13722,3,13723,4,7130120,301,45.475625,-122.64013999999999
202,-67,2017-01-31 07:33:22,7646,20,7608,21,7129574,241,45.516194,-122.678952
52,-173,2017-01-31 07:33:24,8344,13,8345,14,7129360,120,45.528718,-122.60276499999999
22,-362,2017-01-31 07:33:42,9759,19,9758,20,7127287,404,45.521311,-122.69057600000001
266,-141,2017-01-31 07:33:55,9820,17,10117,18,7127665,209,45.517959000000005,-122.693079
90,-112,2017-01-31 07:34:33,8351,39,8352,40,7127547,313,45.522084,-122.486892
247,-36,2017-01-31 07:34:35,11507,10,7601,11,7128426,413,45.527663000000004,-122.67508000000001
16,-31,2017-01-31 07:34:47,11615,5,8370,6,7126655,222,45.529454,-122.563519
199,-113,2017-01-31 07:34:55,13717,15,13718,16,7130328,205,45.440985999999995,-122.640106
306,-142,2017-01-31 07:35:24,11508,8,11509,9,7128219,523,45.539707,-122.675727
270,88,2017-01-31 07:35:37,8367,10,8368,11,7127668,215,45.522496999999994,-122.53386
1,-17,2017-01-31 07:35:48,13723,4,13724,5,7130120,246,45.491139000000004,-122.64842900000001
295,-206,2017-01-31 07:35:53,9829,38,9832,39,7127911,107,45.517182,-122.86985800000001
90,-77,2017-01-31 07:35:56,8352,40,8353,41,7127547,221,45.522003000000005,-122.47779399999999
124,-123,2017-01-31 07:36:00,9831,9,9830,10,7127290,320,45.511821000000005,-122.85528000000001
110,-365,2017-01-31 07:36:02,9758,20,8333,21,7127287,404,45.519762,-122.68397
351,-195,2017-01-31 07:36:17,13132,1,13133,2,7129576,321,45.453332,-122.573548
178,-43,2017-01-31 07:36:44,7601,1,9303,2,7129575,413,45.523926,-122.67543799999999
256,-110,2017-01-31 07:36:50,10117,18,10121,19,7127665,209,45.511089,-122.713078
201,-112,2017-01-31 07:36:54,7608,21,7618,22,7129574,231,45.511758,-122.681375
174,-65,2017-01-31 07:37:18,13718,16,13720,17,7130328,319,45.431775,-122.635244
126,-130,2017-01-31 07:37:25,9830,10,9828,11,7127290,320,45.507540999999996,-122.846725
121,-66,2017-01-31 07:37:31,8353,41,8354,42,7127547,313,45.520557000000004,-122.470873
0,-32,2017-01-31 07:37:34,13724,5,13725,6,7130120,246,45.498186,-122.6481
115,-309,2017-01-31 07:37:39,8345,14,8346,15,7129360,120,45.533202,-122.577816
0,-131,2017-01-31 07:37:43,11509,9,11510,10,7128219,523,45.548442,-122.68098400000001
293,-253,2017-01-31 07:38:10,9832,39,9833,40,7127911,223,45.521623,-122.88368100000001
270,108,2017-01-31 07:38:10,8368,11,8369,12,7127668,202,45.522646,-122.55537199999999
296,-106,2017-01-31 07:38:18,8370,1,8371,2,7127667,222,45.533505,-122.578445
16,-202,2017-01-31 07:38:24,13133,2,13134,3,7129576,321,45.467613,-122.56669
110,-365,2017-01-31 07:38:25,8333,21,8334,22,7127287,404,45.518537,-122.67938500000001
201,-33,2017-01-31 07:38:34,9303,2,7627,3,7129575,414,45.521551,-122.67605400000001
90,19,2017-01-31 07:38:42,9848,1,9846,2,7127548,230,45.52134,-122.985449
294,-253,2017-01-31 07:39:07,9833,40,9836,41,7127911,223,45.524878,-122.893992
126,-102,2017-01-31 07:39:13,9828,11,9822,12,7127290,247,45.501463,-122.835169
203,-109,2017-01-31 07:39:21,7618,22,7606,23,7129574,241,45.508853,-122.68306000000001
121,-64,2017-01-31 07:39:31,8354,42,8355,43,7127547,221,45.515721,-122.45943999999999
357,-122,2017-01-31 07:39:33,11510,10,11511,11,7128219,532,45.555397,-122.682266
308,-40,2017-01-31 07:39:41,13725,6,13726,7,7130120,301,45.502972,-122.653494
13,36,2017-01-31 07:40:24,13140,1,10293,2,7129362,241,45.509283,-122.683774
7,-174,2017-01-31 07:40:25,13134,3,13135,4,7129576,321,45.480181,-122.56680700000001
90,33,2017-01-31 07:40:28,9846,2,9843,3,7127548,230,45.521271999999996,-122.97850600000001
200,-34,2017-01-31 07:40:34,7627,3,7646,4,7129575,413,45.518182,-122.677876
291,-187,2017-01-31 07:40:36,8384,27,9757,28,7127666,306,45.521595,-122.688099
121,-56,2017-01-31 07:40:43,8355,43,13450,44,7127547,221,45.511776,-122.450239
238,-134,2017-01-31 07:40:46,8371,2,8372,3,7127667,222,45.528504,-122.603373
112,-369,2017-01-31 07:41:11,8335,23,8336,24,7127287,417,45.51728,-122.674901
181,-343,2017-01-31 07:41:13,8346,15,8347,16,7129360,120,45.529841,-122.56348899999999
269,-245,2017-01-31 07:41:24,9836,41,9840,42,7127911,223,45.530275,-122.922063
200,-11,2017-01-31 07:41:38,7646,4,7608,5,7129575,414,45.515868,-122.67913300000001
206,-129,2017-01-31 07:41:39,9757,28,9820,29,7127666,306,45.520691,-122.691005
0,-128,2017-01-31 07:41:40,11511,11,11512,12,7128219,532,45.563272,-122.682203
271,-22,2017-01-31 07:41:54,13726,7,13727,8,7130120,246,45.506640000000004,-122.663046
296,-91,2017-01-31 07:41:55,10121,19,9624,20,7127665,209,45.50783,-122.774831
4,-144,2017-01-31 07:41:56,13135,4,13136,5,7129576,104,45.490846000000005,-122.56624
119,-146,2017-01-31 07:42:05,9822,12,9826,13,7127290,320,45.495992,-122.82341100000001
20,-8,2017-01-31 07:42:10,10293,2,7774,3,7129362,241,45.51162,-122.682658
94,36,2017-01-31 07:42:24,9843,3,9841,4,7127548,315,45.521075,-122.968425
120,-53,2017-01-31 07:42:27,13450,44,8356,45,7127547,313,45.507158000000004,-122.439276
288,-87,2017-01-31 07:42:58,8372,3,8373,4,7127667,325,45.533139,-122.62203400000001
354,-109,2017-01-31 07:43:21,13136,5,13137,6,7129576,104,45.495504,-122.566093
180,-320,2017-01-31 07:43:21,8347,16,13124,17,7129360,120,45.514049,-122.564499
120,-155,2017-01-31 07:43:23,9826,13,9824,14,7127290,247,45.492985,-122.81588899999998
266,-123,2017-01-31 07:43:37,9820,29,10117,30,7127666,106,45.517959000000005,-122.693079
252,-185,2017-01-31 07:44:00,9840,42,9837,43,7127911,107,45.527623999999996,-122.94346200000001
0,-186,2017-01-31 07:44:07,11512,12,11513,13,7128219,523,45.570614,-122.682123
115,-19,2017-01-31 07:44:09,8356,45,8357,46,7127547,221,45.503275,-122.429974
19,-65,2017-01-31 07:44:37,7774,3,13123,4,7129362,231,45.515808,-122.68040400000001
246,-41,2017-01-31 07:44:42,13727,8,13728,9,7130120,301,45.502728000000005,-122.67159299999999
357,-378,2017-01-31 07:44:48,8338,26,8339,27,7127287,417,45.524104,-122.671347
72,7,2017-01-31 07:44:54,9841,4,9838,5,7127548,315,45.526925,-122.946215
2,-90,2017-01-31 07:45:02,13137,6,13138,7,7129576,321,45.503082,-122.56661899999999
182,-336,2017-01-31 07:45:07,13124,17,13125,18,7129360,120,45.503096,-122.56671100000001
200,-67,2017-01-31 07:45:08,7608,5,7618,6,7129575,414,45.511309000000004,-122.68162
345,-77,2017-01-31 07:45:10,8369,12,8370,13,7127668,202,45.530421000000004,-122.563448
85,-128,2017-01-31 07:45:49,9824,14,9821,15,7127290,320,45.490843,-122.802774
269,-18,2017-01-31 07:45:50,8373,4,8374,5,7127667,222,45.53011,-122.65426699999999
234,-176,2017-01-31 07:45:58,9837,43,9842,44,7127911,223,45.523596000000005,-122.95826699999999
0,-148,2017-01-31 07:46:00,11513,13,11514,14,7128219,523,45.577797,-122.68206599999999
98,9,2017-01-31 07:46:05,8357,46,8359,47,7127547,313,45.501996999999996,-122.41965
12,-76,2017-01-31 07:46:23,13123,4,7777,5,7129362,241,45.518357,-122.679019
268,-77,2017-01-31 07:46:32,9624,20,9818,21,7127665,209,45.492264,-122.79572900000001
173,-301,2017-01-31 07:46:32,13125,18,13126,19,7129360,203,45.495469,-122.566195
74,5,2017-01-31 07:46:56,9838,5,9839,6,7127548,230,45.529903999999995,-122.930875
0,-157,2017-01-31 07:47:09,13138,7,13139,8,7129576,104,45.51475,-122.564373
272,9,2017-01-31 07:47:21,13728,9,13729,10,7130120,301,45.507971000000005,-122.680869
269,-27,2017-01-31 07:47:29,8374,5,8375,6,7127667,325,45.530113,-122.65838400000001
295,-113,2017-01-31 07:47:29,8370,13,8371,14,7127668,215,45.532475,-122.575492
256,-153,2017-01-31 07:47:33,10117,30,10121,31,7127666,306,45.511089,-122.713078
184,-292,2017-01-31 07:47:53,13126,19,13127,20,7129360,203,45.490903,-122.566349
190,3,2017-01-31 07:47:57,11498,1,11499,2,7128427,303,45.595919,-122.685721
296,46,2017-01-31 07:48:09,13729,10,10293,11,7130120,246,45.508365000000005,-122.68341299999999
318,-176,2017-01-31 07:48:28,11514,14,11515,15,7128219,523,45.584140000000005,-122.68648999999999
270,-6,2017-01-31 07:48:37,8375,6,8376,7,7127667,325,45.530108,-122.662549
20,-101,2017-01-31 07:48:47,7777,5,7787,6,7129362,231,45.521654999999996,-122.677259
250,-58,2017-01-31 07:48:47,9818,21,9823,22,7127665,242,45.490556,-122.80681299999999
89,12,2017-01-31 07:48:51,9839,6,9835,7,7127548,230,45.530243,-122.91601200000001
270,-170,2017-01-31 07:48:59,9842,44,9844,45,7127911,223,45.521296,-122.977103
90,-413,2017-01-31 07:49:12,8339,27,8340,28,7127287,404,45.530087,-122.66551499999998
233,-109,2017-01-31 07:49:15,8371,14,8372,15,7127668,202,45.532039000000005,-122.596571
187,-262,2017-01-31 07:49:23,13127,20,13128,21,7129360,120,45.480197,-122.566897
359,-75,2017-01-31 07:49:48,7787,6,9299,7,7129362,231,45.523724,-122.676474
90,-413,2017-01-31 07:49:51,8340,28,8341,29,7127287,417,45.530079,-122.66361299999998
300,-56,2017-01-31 07:49:57,9823,22,9825,23,7127665,209,45.49255,-122.81471200000001
270,-35,2017-01-31 07:50:07,8376,7,8377,8,7127667,222,45.530203,-122.665621
13,-169,2017-01-31 07:50:20,13139,8,12931,9,7129576,321,45.529011,-122.563624
203,-236,2017-01-31 07:50:29,7618,6,7606,7,7129575,414,45.508837,-122.68307
270,-149,2017-01-31 07:50:29,9844,45,9845,46,7127911,223,45.521359000000004,-122.98380800000001
10,-181,2017-01-31 07:50:32,11515,15,11516,16,7128219,523,45.596388,-122.68553600000001
7,-166,2017-01-31 07:50:41,12931,9,8370,10,7129576,104,45.529740999999994,-122.563423
120,-16,2017-01-31 07:50:48,11499,2,11500,3,7128427,303,45.583766,-122.68575
296,-43,2017-01-31 07:51:07,8372,15,8373,16,7127668,202,45.531965,-122.61723899999998
90,-400,2017-01-31 07:51:16,8341,29,8342,30,7127287,404,45.53007,-122.658897
301,-146,2017-01-31 07:51:20,9821,15,9969,16,7127290,247,45.509065,-122.781177
196,-263,2017-01-31 07:51:24,13128,21,13129,22,7129360,203,45.467663,-122.566769
114,-35,2017-01-31 07:51:39,9835,7,9834,8,7127548,315,45.523194000000004,-122.88893200000001
11,-66,2017-01-31 07:51:42,9299,7,7763,8,7129362,241,45.526631,-122.67657700000001
22,-59,2017-01-31 07:52:01,10293,1,7774,2,7128220,301,45.511747,-122.68258600000001
351,-184,2017-01-31 07:52:18,11516,16,11498,17,7128219,523,45.604058,-122.686159
307,-57,2017-01-31 07:52:30,9825,23,9819,24,7127665,242,45.499196000000005,-122.83067700000001
271,-147,2017-01-31 07:52:32,9845,46,9848,47,7127911,107,45.521427,-122.990582
180,0,2017-01-31 07:53:02,11500,3,11501,4,7128427,122,45.576446000000004,-122.682134
89,-423,2017-01-31 07:53:10,8342,30,8343,31,7127287,404,45.53005,-122.65468700000001
306,-54,2017-01-31 07:53:17,9819,24,9827,25,7127665,242,45.502307,-122.836712
296,-176,2017-01-31 07:53:22,10121,31,9624,32,7127666,106,45.50783,-122.774831
167,-211,2017-01-31 07:53:32,13129,22,13130,23,7129360,120,45.453159,-122.57361200000001
178,-31,2017-01-31 07:53:33,8377,8,8378,9,7127667,222,45.524289,-122.671425
168,-39,2017-01-31 07:53:35,10579,1,10577,2,7126798,240,45.577407,-122.56726
19,-75,2017-01-31 07:53:46,7774,2,13123,3,7128220,246,45.515769,-122.680423
115,-9,2017-01-31 07:54:10,9834,8,9831,9,7127548,315,45.51723,-122.870278
175,-62,2017-01-31 07:54:34,8370,10,8347,1,7127288,104,45.529971,-122.56349099999998
20,-33,2017-01-31 07:54:35,13140,1,10293,2,7129361,413,45.509963,-122.683544
179,-34,2017-01-31 07:54:36,8378,9,8379,10,7127667,325,45.522787,-122.67134899999999
268,-30,2017-01-31 07:54:56,8373,16,8374,17,7127668,215,45.530028,-122.64910800000001
180,3,2017-01-31 07:54:57,11501,4,11502,5,7128427,122,45.569181,-122.682194
306,-42,2017-01-31 07:55:06,9827,25,9829,26,7127665,242,45.508686,-122.84885200000001
166,-209,2017-01-31 07:55:18,13130,23,13132,24,7129360,203,45.437288,-122.568285
118,-24,2017-01-31 07:55:26,10577,2,10575,3,7126798,240,45.572336,-122.558305
21,-56,2017-01-31 07:55:27,13123,3,7777,4,7128220,301,45.518961,-122.678715
125,35,2017-01-31 07:55:37,9831,9,9830,10,7127548,315,45.510852,-122.85331200000002
107,-414,2017-01-31 07:55:48,8343,31,8344,32,7127287,417,45.53436,-122.627723
22,-58,2017-01-31 07:56:00,10293,2,7774,3,7129361,413,45.511727,-122.682598
272,3,2017-01-31 07:56:04,8374,17,8375,18,7127668,215,45.530101,-122.657182
195,-74,2017-01-31 07:56:16,8379,10,8380,11,7127667,325,45.519432,-122.67269499999999
87,-144,2017-01-31 07:56:23,9969,16,10120,17,7127290,320,45.510432,-122.72342900000001
180,17,2017-01-31 07:56:44,11502,5,11503,6,7128427,122,45.562132,-122.682271
90,-112,2017-01-31 07:57:24,8347,1,8348,2,7127288,321,45.522619,-122.55733700000002
90,-61,2017-01-31 07:57:33,7763,8,8340,9,7129362,231,45.530087,-122.66557900000001
297,-37,2017-01-31 07:57:52,9829,26,9832,27,7127665,242,45.516701,-122.868439
20,-84,2017-01-31 07:58:00,7777,4,7787,5,7128220,246,45.522465999999994,-122.67676399999999
221,-25,2017-01-31 07:58:00,10575,3,10573,4,7126798,312,45.559252,-122.565431
270,-24,2017-01-31 07:58:20,8375,18,8376,19,7127668,202,45.530107,-122.66230300000001
17,8,2017-01-31 07:58:22,13720,1,13721,2,7130121,205,45.441928999999995,-122.639555
290,-145,2017-01-31 07:58:27,8380,11,8381,12,7127667,222,45.518358,-122.676004
20,-116,2017-01-31 07:58:28,7774,3,13123,4,7129361,414,45.515667,-122.680475
174,26,2017-01-31 07:58:34,11503,6,11504,7,7128427,122,45.554965,-122.68233400000001
90,-80,2017-01-31 07:58:36,8340,9,8341,10,7129362,231,45.530077,-122.662701
270,-35,2017-01-31 07:58:46,8376,19,8377,20,7127668,202,45.53011,-122.663045
82,-493,2017-01-31 07:59:17,8344,32,8345,33,7127287,417,45.527596,-122.60682299999999
54,-157,2017-01-31 07:59:18,10120,17,10118,18,7127290,320,45.514327,-122.70392199999999
358,-101,2017-01-31 07:59:43,7787,5,9299,6,7128220,246,45.524308000000005,-122.67648999999999
203,0,2017-01-31 07:59:45,11498,17,11498,1,7128428,523,45.605312,-122.68571899999999
268,-271,2017-01-31 07:59:46,9624,32,9818,33,7127666,106,45.492264,-122.79572900000001
7,19,2017-01-31 07:59:47,13721,2,13722,3,7130121,205,45.451171,-122.636039
180,59,2017-01-31 07:59:49,11504,7,11505,8,7128427,303,45.549818,-122.681025
355,-76,2017-01-31 07:59:49,9299,6,7763,7,7128220,246,45.525156,-122.676529
194,45,2017-01-31 07:59:50,10573,4,11615,5,7126798,312,45.54326,-122.561613
86,-70,2017-01-31 07:59:50,8341,10,8342,11,7129362,231,45.530074,-122.65868
20,-81,2017-01-31 07:59:52,13123,4,7777,5,7129361,414,45.519061,-122.67866000000001
290,-140,2017-01-31 07:59:53,8381,12,8382,13,7127667,222,45.518909,-122.67806000000002
52,-496,2017-01-31 07:59:56,8345,33,8346,34,7127287,417,45.529694,-122.60098500000001
90,-55,2017-01-31 07:59:57,8348,2,8349,3,7127288,321,45.522478,-122.53678300000001
350,0,2017-01-31 07:59:58,13132,24,13132,1,7129578,203,45.43577,-122.567825
